Workbook

Sheet Error Log
A1: Date | B1: Source | C1: Subject | D1: Topic | E1: Question_Ref | F1: My_Answer | G1: Correct_Answer | H1: Error_Type | I1: Root_Cause | J1: Concept_to_Revise | K1: Revise_By | L1: Revised_YN | M1: Notes

Sheet Error Summary
A1: Subject | B1: Conceptual | C1: Careless | D1: Time_Pressure | E1: Misread | F1: Calculation | G1: Method_Wrong | H1: Total_Errors
A2: Engineering Mathematics | B2: =COUNTIFS('Error Log'!C$2:C$10000,A2,'Error Log'!H$2:H$10000,"Conceptual") | C2: =COUNTIFS('Error Log'!C$2:C$10000,A2,'Error Log'!H$2:H$10000,"Careless") | D2: =COUNTIFS('Error Log'!C$2:C$10000,A2,'Error Log'!H$2:H$10000,"Time_Pressure") | E2: =COUNTIFS('Error Log'!C$2:C$10000,A2,'Error Log'!H$2:H$10000,"Misread") | F2: =COUNTIFS('Error Log'!C$2:C$10000,A2,'Error Log'!H$2:H$10000,"Calculation") | G2: =COUNTIFS('Error Log'!C$2:C$10000,A2,'Error Log'!H$2:H$10000,"Method_Wrong") | H2: =SUM(B2:G2)
A3: Digital Logic | B3: =COUNTIFS('Error Log'!C$2:C$10000,A3,'Error Log'!H$2:H$10000,"Conceptual") | C3: =COUNTIFS('Error Log'!C$2:C$10000,A3,'Error Log'!H$2:H$10000,"Careless") | D3: =COUNTIFS('Error Log'!C$2:C$10000,A3,'Error Log'!H$2:H$10000,"Time_Pressure") | E3: =COUNTIFS('Error Log'!C$2:C$10000,A3,'Error Log'!H$2:H$10000,"Misread") | F3: =COUNTIFS('Error Log'!C$2:C$10000,A3,'Error Log'!H$2:H$10000,"Calculation") | G3: =COUNTIFS('Error Log'!C$2:C$10000,A3,'Error Log'!H$2:H$10000,"Method_Wrong") | H3: =SUM(B3:G3)
A4: Computer Organization & Architecture | B4: =COUNTIFS('Error Log'!C$2:C$10000,A4,'Error Log'!H$2:H$10000,"Conceptual") | C4: =COUNTIFS('Error Log'!C$2:C$10000,A4,'Error Log'!H$2:H$10000,"Careless") | D4: =COUNTIFS('Error Log'!C$2:C$10000,A4,'Error Log'!H$2:H$10000,"Time_Pressure") | E4: =COUNTIFS('Error Log'!C$2:C$10000,A4,'Error Log'!H$2:H$10000,"Misread") | F4: =COUNTIFS('Error Log'!C$2:C$10000,A4,'Error Log'!H$2:H$10000,"Calculation") | G4: =COUNTIFS('Error Log'!C$2:C$10000,A4,'Error Log'!H$2:H$10000,"Method_Wrong") | H4: =SUM(B4:G4)
A5: Programming & Data Structures | B5: =COUNTIFS('Error Log'!C$2:C$10000,A5,'Error Log'!H$2:H$10000,"Conceptual") | C5: =COUNTIFS('Error Log'!C$2:C$10000,A5,'Error Log'!H$2:H$10000,"Careless") | D5: =COUNTIFS('Error Log'!C$2:C$10000,A5,'Error Log'!H$2:H$10000,"Time_Pressure") | E5: =COUNTIFS('Error Log'!C$2:C$10000,A5,'Error Log'!H$2:H$10000,"Misread") | F5: =COUNTIFS('Error Log'!C$2:C$10000,A5,'Error Log'!H$2:H$10000,"Calculation") | G5: =COUNTIFS('Error Log'!C$2:C$10000,A5,'Error Log'!H$2:H$10000,"Method_Wrong") | H5: =SUM(B5:G5)
A6: Algorithms | B6: =COUNTIFS('Error Log'!C$2:C$10000,A6,'Error Log'!H$2:H$10000,"Conceptual") | C6: =COUNTIFS('Error Log'!C$2:C$10000,A6,'Error Log'!H$2:H$10000,"Careless") | D6: =COUNTIFS('Error Log'!C$2:C$10000,A6,'Error Log'!H$2:H$10000,"Time_Pressure") | E6: =COUNTIFS('Error Log'!C$2:C$10000,A6,'Error Log'!H$2:H$10000,"Misread") | F6: =COUNTIFS('Error Log'!C$2:C$10000,A6,'Error Log'!H$2:H$10000,"Calculation") | G6: =COUNTIFS('Error Log'!C$2:C$10000,A6,'Error Log'!H$2:H$10000,"Method_Wrong") | H6: =SUM(B6:G6)
A7: Theory of Computation | B7: =COUNTIFS('Error Log'!C$2:C$10000,A7,'Error Log'!H$2:H$10000,"Conceptual") | C7: =COUNTIFS('Error Log'!C$2:C$10000,A7,'Error Log'!H$2:H$10000,"Careless") | D7: =COUNTIFS('Error Log'!C$2:C$10000,A7,'Error Log'!H$2:H$10000,"Time_Pressure") | E7: =COUNTIFS('Error Log'!C$2:C$10000,A7,'Error Log'!H$2:H$10000,"Misread") | F7: =COUNTIFS('Error Log'!C$2:C$10000,A7,'Error Log'!H$2:H$10000,"Calculation") | G7: =COUNTIFS('Error Log'!C$2:C$10000,A7,'Error Log'!H$2:H$10000,"Method_Wrong") | H7: =SUM(B7:G7)
A8: Compiler Design | B8: =COUNTIFS('Error Log'!C$2:C$10000,A8,'Error Log'!H$2:H$10000,"Conceptual") | C8: =COUNTIFS('Error Log'!C$2:C$10000,A8,'Error Log'!H$2:H$10000,"Careless") | D8: =COUNTIFS('Error Log'!C$2:C$10000,A8,'Error Log'!H$2:H$10000,"Time_Pressure") | E8: =COUNTIFS('Error Log'!C$2:C$10000,A8,'Error Log'!H$2:H$10000,"Misread") | F8: =COUNTIFS('Error Log'!C$2:C$10000,A8,'Error Log'!H$2:H$10000,"Calculation") | G8: =COUNTIFS('Error Log'!C$2:C$10000,A8,'Error Log'!H$2:H$10000,"Method_Wrong") | H8: =SUM(B8:G8)
A9: Operating System | B9: =COUNTIFS('Error Log'!C$2:C$10000,A9,'Error Log'!H$2:H$10000,"Conceptual") | C9: =COUNTIFS('Error Log'!C$2:C$10000,A9,'Error Log'!H$2:H$10000,"Careless") | D9: =COUNTIFS('Error Log'!C$2:C$10000,A9,'Error Log'!H$2:H$10000,"Time_Pressure") | E9: =COUNTIFS('Error Log'!C$2:C$10000,A9,'Error Log'!H$2:H$10000,"Misread") | F9: =COUNTIFS('Error Log'!C$2:C$10000,A9,'Error Log'!H$2:H$10000,"Calculation") | G9: =COUNTIFS('Error Log'!C$2:C$10000,A9,'Error Log'!H$2:H$10000,"Method_Wrong") | H9: =SUM(B9:G9)
A10: Databases | B10: =COUNTIFS('Error Log'!C$2:C$10000,A10,'Error Log'!H$2:H$10000,"Conceptual") | C10: =COUNTIFS('Error Log'!C$2:C$10000,A10,'Error Log'!H$2:H$10000,"Careless") | D10: =COUNTIFS('Error Log'!C$2:C$10000,A10,'Error Log'!H$2:H$10000,"Time_Pressure") | E10: =COUNTIFS('Error Log'!C$2:C$10000,A10,'Error Log'!H$2:H$10000,"Misread") | F10: =COUNTIFS('Error Log'!C$2:C$10000,A10,'Error Log'!H$2:H$10000,"Calculation") | G10: =COUNTIFS('Error Log'!C$2:C$10000,A10,'Error Log'!H$2:H$10000,"Method_Wrong") | H10: =SUM(B10:G10)
A11: Computer Networks | B11: =COUNTIFS('Error Log'!C$2:C$10000,A11,'Error Log'!H$2:H$10000,"Conceptual") | C11: =COUNTIFS('Error Log'!C$2:C$10000,A11,'Error Log'!H$2:H$10000,"Careless") | D11: =COUNTIFS('Error Log'!C$2:C$10000,A11,'Error Log'!H$2:H$10000,"Time_Pressure") | E11: =COUNTIFS('Error Log'!C$2:C$10000,A11,'Error Log'!H$2:H$10000,"Misread") | F11: =COUNTIFS('Error Log'!C$2:C$10000,A11,'Error Log'!H$2:H$10000,"Calculation") | G11: =COUNTIFS('Error Log'!C$2:C$10000,A11,'Error Log'!H$2:H$10000,"Method_Wrong") | H11: =SUM(B11:G11)
