Workbook

Sheet PYQ by Year
A1: Year | B1: Subject | C1: Topic | D1: Question | E1: Marks | F1: Type | G1: Difficulty | H1: My_Attempt | I1: Correct | J1: Time_Sec | K1: Error_Type | L1: Notes
A2: 2015 | B2: Engineering Mathematics
A3: 2015 | B3: Digital Logic
A4: 2015 | B4: Computer Organization & Architecture
A5: 2015 | B5: Programming & Data Structures
A6: 2016 | B6: Engineering Mathematics
A7: 2016 | B7: Digital Logic
A8: 2016 | B8: Computer Organization & Architecture
A9: 2016 | B9: Programming & Data Structures
A10: 2017 | B10: Engineering Mathematics
A11: 2017 | B11: Digital Logic
A12: 2017 | B12: Computer Organization & Architecture
A13: 2017 | B13: Programming & Data Structures
... A49: 2026 | B49: Programming & Data Structures

Sheet PYQ Statistics
A1: Subject | B1: Total_Questions | C1: Correct | D1: Accuracy_% | E1: Avg_Time | F1: Strong_Topics | G1: Weak_Topics
A2: Engineering Mathematics | B2: =COUNTIF('PYQ by Year'!B$2:B$2000,A2) | C2: =COUNTIFS('PYQ by Year'!B$2:B$2000,A2,'PYQ by Year'!I$2:I$2000,"Yes") | D2: =IF(B2=0,0,ROUND(C2/B2*100,1)) | E2: =IF(B2=0,"",ROUND(AVERAGEIFS('PYQ by Year'!J$2:J$2000,'PYQ by Year'!B$2:B$2000,A2),0)&"s")
A3: Digital Logic | B3: =COUNTIF('PYQ by Year'!B$2:B$2000,A3) | C3: =COUNTIFS('PYQ by Year'!B$2:B$2000,A3,'PYQ by Year'!I$2:I$2000,"Yes") | D3: =IF(B3=0,0,ROUND(C3/B3*100,1)) | E3: =IF(B3=0,"",ROUND(AVERAGEIFS('PYQ by Year'!J$2:J$2000,'PYQ by Year'!B$2:B$2000,A3),0)&"s")
A4: Computer Organization & Architecture | B4: =COUNTIF('PYQ by Year'!B$2:B$2000,A4) | C4: =COUNTIFS('PYQ by Year'!B$2:B$2000,A4,'PYQ by Year'!I$2:I$2000,"Yes") | D4: =IF(B4=0,0,ROUND(C4/B4*100,1)) | E4: =IF(B4=0,"",ROUND(AVERAGEIFS('PYQ by Year'!J$2:J$2000,'PYQ by Year'!B$2:B$2000,A4),0)&"s")
A5: Programming & Data Structures | B5: =COUNTIF('PYQ by Year'!B$2:B$2000,A5) | C5: =COUNTIFS('PYQ by Year'!B$2:B$2000,A5,'PYQ by Year'!I$2:I$2000,"Yes") | D5: =IF(B5=0,0,ROUND(C5/B5*100,1)) | E5: =IF(B5=0,"",ROUND(AVERAGEIFS('PYQ by Year'!J$2:J$2000,'PYQ by Year'!B$2:B$2000,A5),0)&"s")
A6: Algorithms | B6: =COUNTIF('PYQ by Year'!B$2:B$2000,A6) | C6: =COUNTIFS('PYQ by Year'!B$2:B$2000,A6,'PYQ by Year'!I$2:I$2000,"Yes") | D6: =IF(B6=0,0,ROUND(C6/B6*100,1)) | E6: =IF(B6=0,"",ROUND(AVERAGEIFS('PYQ by Year'!J$2:J$2000,'PYQ by Year'!B$2:B$2000,A6),0)&"s")
A7: Theory of Computation | B7: =COUNTIF('PYQ by Year'!B$2:B$2000,A7) | C7: =COUNTIFS('PYQ by Year'!B$2:B$2000,A7,'PYQ by Year'!I$2:I$2000,"Yes") | D7: =IF(B7=0,0,ROUND(C7/B7*100,1)) | E7: =IF(B7=0,"",ROUND(AVERAGEIFS('PYQ by Year'!J$2:J$2000,'PYQ by Year'!B$2:B$2000,A7),0)&"s")
A8: Compiler Design | B8: =COUNTIF('PYQ by Year'!B$2:B$2000,A8) | C8: =COUNTIFS('PYQ by Year'!B$2:B$2000,A8,'PYQ by Year'!I$2:I$2000,"Yes") | D8: =IF(B8=0,0,ROUND(C8/B8*100,1)) | E8: =IF(B8=0,"",ROUND(AVERAGEIFS('PYQ by Year'!J$2:J$2000,'PYQ by Year'!B$2:B$2000,A8),0)&"s")
A9: Operating System | B9: =COUNTIF('PYQ by Year'!B$2:B$2000,A9) | C9: =COUNTIFS('PYQ by Year'!B$2:B$2000,A9,'PYQ by Year'!I$2:I$2000,"Yes") | D9: =IF(B9=0,0,ROUND(C9/B9*100,1)) | E9: =IF(B9=0,"",ROUND(AVERAGEIFS('PYQ by Year'!J$2:J$2000,'PYQ by Year'!B$2:B$2000,A9),0)&"s")
A10: Databases | B10: =COUNTIF('PYQ by Year'!B$2:B$2000,A10) | C10: =COUNTIFS('PYQ by Year'!B$2:B$2000,A10,'PYQ by Year'!I$2:I$2000,"Yes") | D10: =IF(B10=0,0,ROUND(C10/B10*100,1)) | E10: =IF(B10=0,"",ROUND(AVERAGEIFS('PYQ by Year'!J$2:J$2000,'PYQ by Year'!B$2:B$2000,A10),0)&"s")
A11: Computer Networks | B11: =COUNTIF('PYQ by Year'!B$2:B$2000,A11) | C11: =COUNTIFS('PYQ by Year'!B$2:B$2000,A11,'PYQ by Year'!I$2:I$2000,"Yes") | D11: =IF(B11=0,0,ROUND(C11/B11*100,1)) | E11: =IF(B11=0,"",ROUND(AVERAGEIFS('PYQ by Year'!J$2:J$2000,'PYQ by Year'!B$2:B$2000,A11),0)&"s")
